ID;Hora Entrada;Hora Entrada Mï¿½x.;Hora Salida;Horas Trabajo;Tipo descanso;Minutos descanso;Inicio descanso;Fin descanso;Estado
1;06:00;;15:00;;Horario Fijo;;12:00;13:00;Activado
2;06:00;;14:30;;Horario Libre;60;;;Activado
3;06:00;;12:30;;Horario Libre;30;;;Activado
4;14:00;;22:00;;Horario Libre;15;;;Activado
5;08:30;;12:30;;Sin descanso;;;;Activado
6;07:30;;11:30;;Sin descanso;;;;Activado
7;13:00;;17:00;;Sin descanso;;;;Activado
8;07:30;;12:00;;Sin descanso;;;;Activado
9;07:30;;12:15;;Sin descanso;;;;Activado
10;08:00;;12:00;;Sin descanso;;;;Activado
11;13:30;;18:00;;Sin descanso;;;;Activado
12;08:30;;14:00;;Sin descanso;;;;Activado
13;08:00;;17:00;;Horario Libre;60;;;Activado
14;08:00;;14:00;;Sin descanso;;;;Activado
15;07:00;;17:30;;Horario Libre;60;;;Activado
16;08:00;;18:00;;Horario Libre;60;;;Activado
17;14:00;;18:00;;Sin descanso;;;;Activado
18;07:00;;11:00;;Sin descanso;;;;Activado
19;07:00;;12:00;;Sin descanso;;;;Activado
20;07:30;;16:30;;Horario Libre;60;;;Activado
21;07:30;;17:30;;Horario Libre;110;;;Activado
22;08:30;;17:30;;Horario Libre;60;;;Activado
23;13:30;;17:40;;Sin descanso;;;;Activado
24;08:00;;11:00;;Sin descanso;;;;Activado
25;07:00;;13:00;;Sin descanso;;;;Activado
26;06:00;;16:30;;Horario Libre;60;;;Activado
27;07:00;;17:15;;Horario Libre;60;;;Activado
28;07:00;;17:00;;Horario Libre;60;;;Activado
29;12:30;;17:00;;Sin descanso;;;;Activado
30;12:30;;17:30;;Sin descanso;;;;Activado
31;07:30;;18:00;;Horario Libre;90;;;Activado
32;08:30;;13:50;;Sin descanso;;;;Activado
33;13:30;;17:00;;Sin descanso;;;;Activado
34;08:30;;13:00;;Sin descanso;;;;Activado
35;13:30;;17:30;;Sin descanso;;;;Activado
36;12:00;;17:00;;Sin descanso;;;;Activado
37;08:30;;16:30;;Sin descanso;;;;Activado
38;12:00;;16:00;;Horario Libre;60;;;Activado
39;09:00;;13:00;;Sin descanso;;;;Activado
40;13:00;;18:00;;Sin descanso;;;;Activado
41;07:10;;17:00;;Horario Libre;110;;;Activado
42;07:00;;16:00;;Sin descanso;;;;Activado
43;07:30;;10:30;;Sin descanso;;;;Activado
44;08:00;;13:00;;Sin descanso;;;;Activado
45;11:30;;13:50;;Sin descanso;;;;Activado
46;12:30;;14:00;;Sin descanso;;;;Activado
47;07:30;;10:00;;Sin descanso;;;;Activado
48;10:30;;13:00;;Sin descanso;;;;Activado
49;07:30;;12:30;;Sin descanso;;;;Activado
50;08:00;;16:00;;Sin descanso;;;;Activado
51;08:30;;17:00;;Sin descanso;;;;Activado
52;06:30;;16:30;;Sin descanso;;;;Activado
53;08:30;;13:30;;Sin descanso;;;;Activado
54;08:30;;11:30;;Sin descanso;;;;Activado
55;06:12;;16:00;;Horario Libre;60;;;Activado
56;08:00;;12:30;;Sin descanso;;;;Activado
57;07:15;;17:30;;Horario Libre;60;;;Activado
58;10:00;;14:00;;Sin descanso;;;;Activado
59;08:30;;14:30;;Sin descanso;;;;Activado
60;07:30;;14:00;;Sin descanso;;;;Activado
61;08:00;;17:30;;Horario Libre;60;;;Activado
62;15:00;;17:00;;Sin descanso;;;;Activado
63;08:00;;10:00;;Sin descanso;;;;Activado
64;09:00;;12:00;;Sin descanso;;;;Activado
65;14:00;;16:00;;Sin descanso;;;;Activado
66;13:00;;17:35;;Sin descanso;;;;Activado
67;08:00;;15:00;;Horario Libre;60;;;Activado
68;08:30;;12:15;;Sin descanso;;;;Activado
69;13:00;;17:30;;Sin descanso;;;;Activado
70;07:30;;14:30;;Sin descanso;;;;Activado
71;08:30;;18:00;;Horario Libre;110;;;Activado
72;12:30;;17:05;;Sin descanso;;;;Activado
73;10:00;;15:00;;Sin descanso;;;;Activado
74;06:30;;17:00;;Horario Libre;150;;;Activado
75;06:30;;16:45;;Sin descanso;;;;Activado
76;11:00;;17:00;;Sin descanso;;;;Activado
77;09:30;;13:30;;Sin descanso;;;;Activado
78;07:30;;09:30;;Sin descanso;;;;Activado
79;08:30;;11:00;;Sin descanso;;;;Activado
80;10:00;;15:00;;Horario Fijo;;14:00;14:30;Activado
81;06:00;;14:00;;Sin descanso;;;;Activado
82;07:00;;15:00;;Sin descanso;;;;Activado
83;09:00;;16:00;;Sin descanso;;;;Activado
84;09:00;;17:00;;Sin descanso;;;;Activado
85;10:00;;16:00;;Sin descanso;;;;Activado
86;10:00;;18:00;;Sin descanso;;;;Activado
87;11:00;;19:00;;Sin descanso;;;;Activado
88;14:00;;22:00;;Sin descanso;;;;Activado
89;15:00;;22:00;;Sin descanso;;;;Activado
90;16:00;;22:00;;Sin descanso;;;;Activado
91;22:00;;06:00;;Sin descanso;;;;Activado
92;07:00;;16:00;;Horario Libre;60;;;Activado
93;13:30;;22:00;;Horario Libre;60;;;Activado
94;22:00;;06:30;;Horario Libre;60;;;Activado
95;06:30;;14:30;;Horario Libre;15;;;Activado
96;06:00;;15:00;;Horario Libre;60;;;Activado
97;06:00;;10:00;;Sin descanso;;;;Activado
98;06:00;;16:00;;Horario Libre;60;;;Activado
99;13:30;;21:00;;Horario Libre;30;;;Activado
100;12:30;;21:00;;Horario Libre;30;;;Activado
101;12:00;;18:00;;Sin descanso;;;;Activado
102;17:00;;21:00;;Sin descanso;;;;Activado
103;05:30;;13:30;;Horario Libre;60;;;Activado
104;08:00;;16:00;;Horario Libre;60;;;Activado
105;06:00;;13:00;;Sin descanso;;;;Activado
106;06:00;;18:00;;Horario Libre;60;;;Activado
107;09:00;;17:00;;Horario Libre;60;;;Activado
108;10:00;;18:30;;Horario Libre;30;;;Activado
109;10:00;;17:30;;Horario Libre;30;;;Activado
110;06:00;;17:00;;Horario Libre;60;;;Activado
111;06:00;;14:00;;Horario Libre;60;;;Activado
112;06:00;;12:00;;Sin descanso;;;;Activado
113;13:00;;22:00;;Horario Libre;60;;;Activado
114;12:00;;16:00;;Sin descanso;;;;Activado
115;12:00;;18:30;;Sin descanso;;;;Activado
116;15:30;;22:00;;Sin descanso;;;;Activado
117;06:00;;13:00;;Horario Libre;60;;;Activado
118;14:00;;20:00;;Horario Libre;15;;;Activado
119;06:00;;11:00;;Sin descanso;;;;Activado
120;14:00;;00:00;;Sin descanso;;;;Activado
121;15:00;;02:00;;Sin descanso;;;;Activado
122;11:00;;03:00;;Sin descanso;;;;Activado
123;07:00;;15:30;;Horario Libre;60;;;Activado
124;06:00;;12:30;;Sin descanso;;;;Activado
125;08:00;;18:00;;Horario Libre;120;;;Activado
126;;;;04:00;Sin descanso;120;;;Activado
127;07:20;;11:20;;Sin descanso;;;;Activado
128;07:20;;09:20;;Sin descanso;;;;Activado
129;07:45;;11:45;;Sin descanso;;;;Activado
130;09:00;;11:00;;Horario Libre;15;;;Activado
131;09:00;;18:00;;Horario Libre;60;;;Activado
132;06:30;;17:18;;Horario Libre;120;;;Activado
133;06:30;;14:20;;Horario Libre;30;;;Activado
134;14:00;;21:50;;Horario Libre;30;;;Activado
135;08:30;;17:50;;Horario Libre;120;;;Activado
136;21:40;;05:30;;Horario Libre;30;;;Activado
137;13:00;;21:00;;Sin descanso;;;;Activado
138;06:00;;13:50;;Horario Libre;30;;;Activado
139;06:00;;13:40;;Horario Libre;20;;;Activado
140;06:00;;13:50;;Horario Libre;30;;;Activado
141;06:00;;13:20;;Horario Libre;20;;;Activado
142;11:00;;18:50;;Horario Libre;30;;;Activado
143;11:30;;19:30;;Horario Libre;20;;;Activado
144;12:00;;19:20;;Horario Libre;60;;;Activado
145;12:30;;19:30;;Horario Libre;20;;;Activado
146;13:10;;21:00;;Horario Libre;30;;;Activado
147;13:20;;21:00;;Horario Libre;20;;;Activado
148;13:30;;21:20;;Horario Libre;30;;;Activado
149;20:50;;05:10;;Horario Libre;60;;;Activado
150;21:20;;05:40;;Horario Libre;60;;;Activado
151;15:20;;20:00;;Horario Libre;0;;;Activado
152;07:00;;15:20;;Horario Libre;60;;;Activado
153;07:00;;14:50;;Horario Libre;30;;;Activado
154;07:00;;14:00;;Horario Libre;20;;;Activado
155;07:00;;15:00;;Horario Libre;20;;;Activado
156;07:00;;16:30;;Horario Libre;90;;;Activado
157;07:30;;16:00;;Horario Libre;60;;;Activado
158;08:00;;16:20;;Horario Libre;60;;;Activado
159;08:00;;16:20;;Horario Libre;60;;;Activado
160;08:00;;15:20;;Horario Libre;20;;;Activado
161;08:00;;12:00;;Horario Libre;20;;;Activado
162;08:00;;16:00;;Horario Libre;20;;;Activado
163;09:00;;17:20;;Horario Libre;40;;;Activado
164;09:00;;17:00;;Horario Libre;20;;;Activado
165;09:30;;17:20;;Horario Libre;60;;;Activado
166;06:00;;13:20;;Horario Libre;30;;;Activado
167;07:00;;14:20;;Horario Libre;30;;;Activado
168;13:00;;20:20;;Horario Libre;30;;;Activado
169;14:00;;21:20;;Horario Libre;30;;;Activado
170;21:20;;04:20;;Horario Libre;30;;;Activado
171;21:40;;05:00;;Horario Libre;30;;;Activado
172;08:00;;16:00;;Horario Libre;30;;;Activado
173;05:40;;13:50;;Horario Libre;60;;;Activado
174;07:30;;17:30;;Horario Libre;60;;;Activado
175;07:00;;17:00;;Horario Libre;90;;;Activado
176;07:30;;17:00;;Horario Libre;60;;;Activado
177;08:00;;17:00;;Horario Libre;120;;;Activado
178;08:00;;14:30;;Horario Libre;30;;;Activado
179;11:30;;18:00;;Horario Libre;30;;;Activado
180;12:00;;21:00;;Horario Libre;30;;;Activado
181;12:00;;21:00;;Horario Libre;60;;;Activado
182;12:00;;20:00;;Horario Libre;30;;;Activado
183;12:00;;20:00;;Horario Libre;60;;;Activado
184;12:00;;20:00;;Sin descanso;;;;Activado
185;13:00;;20:00;;Sin descanso;;;;Activado
186;21:00;;06:00;;Horario Libre;60;;;Activado
187;22:00;;06:00;;Horario Libre;60;;;Activado
188;22:00;;05:00;;Sin descanso;;;;Activado
189;08:00;;16:30;;Horario Libre;30;;;Activado
190;06:15;;16:00;;Horario Libre;15;;;Activado
191;06:15;;16:00;;Horario Libre;60;;;Activado
192;13:00;;16:00;;Horario Libre;60;;;Activado
193;07:15;;11:35;;Horario Libre;15;;;Activado
194;13:00;;16:40;;Horario Libre;15;;;Activado
195;06:30;;12:00;;Sin descanso;;;;Activado
196;07:00;;16:40;;Horario Libre;60;;;Activado
197;06:30;;16:15;;Horario Libre;60;;;Activado
198;13:45;;18:00;;Sin descanso;;;;Activado
199;07:30;;18:00;;Horario Libre;60;;;Activado
200;07:00;;16:35;;Horario Libre;40;;;Activado
201;13:00;;16:35;;Sin descanso;;;;Activado
202;07:30;;17:45;;Horario Libre;40;;;Activado
203;13:45;;17:45;;Sin descanso;;;;Activado
204;07:30;;11:54;;Sin descanso;;;;Activado
205;13:30;;17:45;;Sin descanso;;;;Activado
206;07:30;;17:05;;Horario Libre;60;;;Activado
207;13:00;;17:05;;Sin descanso;;;;Activado
208;07:30;;12:20;;Sin descanso;;;;Activado
209;07:30;;11:45;;Sin descanso;;;;Activado
210;13:30;;16:30;;Sin descanso;;;;Activado
211;14:00;;17:45;;Sin descanso;;;;Activado
212;09:00;;11:00;;Sin descanso;;;;Activado
213;13:20;;17:20;;Sin descanso;;;;Activado
214;08:20;;18:00;;Horario Libre;60;;;Activado
215;08:30;;12:55;;Sin descanso;;;;Activado
216;13:00;;17:24;;Sin descanso;;;;Activado
217;06:15;;16:30;;Horario Libre;60;;;Activado
218;06:30;;16:18;;Sin descanso;;;;Activado
219;06:12;;16:30;;Horario Libre;60;;;Activado
220;08:00;;17:48;;Horario Libre;60;;;Activado
221;12:00;;16:24;;Sin descanso;;;;Activado
222;08:00;;17:35;;Horario Libre;40;;;Activado
223;07:15;;17:00;;Horario Libre;60;;;Activado
224;07:20;;12:00;;Sin descanso;;;;Activado
225;07:00;;16:48;;Horario Libre;40;;;Activado
226;06:12;;14:00;;Horario Libre;60;;;Activado
227;07:25;;17:00;;Horario Libre;60;;;Activado
228;07:30;;16:30;;Horario Libre;15;;;Activado
229;08:00;;18:00;;Horario Libre;105;;;Activado
230;07:30;;17:20;;Horario Libre;60;;;Activado
231;07:30;;15:30;;Horario Libre;30;;;Activado
232;10:30;;14:30;;Sin descanso;;;;Activado
233;07:30;;12:10;;Sin descanso;;;;Activado
234;07:30;;18:15;;Horario Libre;105;;;Activado
235;08:15;;18:00;;Horario Libre;60;;;Activado
236;07:00;;11:30;;Sin descanso;;;;Activado
237;08:00;;17:30;;Horario Libre;45;;;Activado
238;07:30;;17:30;;Horario Libre;90;;;Activado
239;06:30;;16:30;;Horario Libre;70;;;Activado
240;07:00;;17:00;;Horario Libre;70;;;Activado
241;08:00;;12:24;;Sin descanso;;;;Activado
242;07:15;;11:45;;Sin descanso;;;;Activado
243;07:15;;11:15;;Sin descanso;;;;Activado
244;07:00;;16:00;;Horario Libre;120;;;Activado
245;12:30;;16:30;;Sin descanso;;;;Activado
246;07:00;;15:00;;Horario Libre;60;;;Activado
247;07:30;;19:30;;Horario Libre;60;;;Activado
248;12:00;;19:00;;Sin descanso;;;;Activado
249;15:00;;18:00;;Sin descanso;;;;Activado
250;08:30;;12:54;;Horario Libre;15;;;Activado
251;08:00;;12:20;;Horario Libre;15;;;Activado
252;08:00;;12:20;;Sin descanso;;;;Activado
253;07:30;;13:00;;Sin descanso;;;;Activado
254;07:00;;16:51;;Horario Libre;60;;;Activado
255;14:00;;17:30;;Sin descanso;;;;Activado
256;10:00;;12:00;;Sin descanso;;;;Activado
257;13:00;;15:00;;Sin descanso;;;;Activado
258;14:00;;18:30;;Sin descanso;;;;Activado
259;07:30;;15:00;;Sin descanso;;;;Activado
260;13:00;;14:00;;Sin descanso;;;;Activado
261;08:30;;12:00;;Sin descanso;;;;Activado
262;13:00;;14:30;;Sin descanso;;;;Activado
263;07:15;;12:15;;Sin descanso;;;;Activado
264;09:00;;19:00;;Horario Libre;60;;;Activado
265;10:00;;19:00;;Horario Libre;60;;;Activado
266;22:00;;05:30;;Horario Libre;60;;;Activado
267;14:00;;21:00;;Horario Libre;60;;;Activado
268;10:00;;18:00;;Horario Libre;60;;;Activado
269;07:30;;11:00;;Sin descanso;;;;Activado
270;11:00;;18:00;;Sin descanso;;;;Activado
271;21:00;;06:00;;Sin descanso;;;;Activado
272;08:30;;16:30;;Horario Libre;60;;;Activado
273;08:30;;18:30;;Horario Libre;60;;;Activado
274;05:00;;13:00;;Sin descanso;;;;Activado
275;13:30;;21:00;;Sin descanso;;;;Activado
276;06:00;;11:30;;Sin descanso;;;;Activado
277;11:30;;17:00;;Sin descanso;;;;Activado
278;06:00;;13:30;;Sin descanso;;;;Activado
279;09:00;;18:00;;Horario Libre;30;;;Activado
280;13:00;;19:00;;Sin descanso;;;;Activado
281;14:00;;20:00;;Sin descanso;;;;Activado
282;05:30;;12:30;;Sin descanso;;;;Activado
283;06:30;;13:30;;Sin descanso;;;;Activado
284;06:00;;13:20;;Sin descanso;;;;Activado
285;07:00;;14:20;;Sin descanso;;;;Activado
286;14:00;;21:00;;Sin descanso;;;;Activado
287;14:00;;21:20;;Sin descanso;;;;Activado
288;15:00;;21:00;;Sin descanso;;;;Activado
289;16:00;;20:00;;Sin descanso;;;;Activado
290;22:00;;05:20;;Sin descanso;;;;Activado
291;20:00;;04:00;;Sin descanso;;;;Activado
292;08:00;;15:00;;Sin descanso;;;;Activado
293;07:30;;16:00;;Horario Libre;150;;;Activado
294;06:00;;13:50;;Horario Libre;15;;;Activado
295;06:00;;12:50;;Horario Libre;15;;;Activado
296;14:00;;21:50;;Horario Libre;15;;;Activado
297;13:00;;19:50;;Horario Libre;15;;;Activado
298;22:20;;06:00;;Horario Libre;15;;;Activado
299;06:00;;17:50;;Horario Libre;45;;;Activado
300;10:00;;21:50;;Horario Libre;45;;;Activado
301;18:20;;06:00;;Horario Libre;45;;;Activado
302;19:20;;06:00;;Horario Libre;45;;;Activado
303;04:00;;12:00;;Horario Libre;15;;;Activado
304;05:00;;13:00;;Horario Libre;15;;;Activado
305;06:00;;14:00;;Horario Libre;15;;;Activado
306;07:30;;15:00;;Horario Libre;60;;;Activado
307;07:30;;15:00;;Horario Libre;90;;;Activado
308;07:00;;16:48;;Horario Libre;60;;;Activado
309;06:30;;16:18;;Horario Libre;60;;;Activado
310;07:30;;18:00;;Horario Libre;105;;;Activado
311;07:30;;17:45;;Horario Libre;90;;;Activado
312;07:30;;17:05;;Horario Libre;40;;;Activado
313;07:30;;17:30;;Horario Libre;120;;;Activado
314;07:30;;17:45;;Horario Libre;135;;;Activado
315;08:15;;14:00;;Sin descanso;;;;Activado
316;07:30;;16:30;;Horario Libre;90;;;Activado
317;08:30;;14:30;;Horario Libre;60;;;Activado
318;08:30;;17:30;;Horario Libre;30;;;Activado
319;08:00;;17:30;;Horario Libre;30;;;Activado
320;07:30;;14:00;;Horario Libre;90;;;Activado
321;07:30;;16:30;;Horario Libre;30;;;Activado
322;08:30;;12:54;;Sin descanso;;;;Activado
323;07:30;;18:00;;Horario Libre;270;;;Activado
324;08:00;;16:00;;Horario Libre;120;;;Activado
325;08:00;;18:00;;Horario Libre;240;;;Activado
326;07:30;;16:00;;Horario Libre;125;;;Activado
327;07:00;;16:00;;Horario Libre;180;;;Activado
328;07:30;;16:00;;Horario Libre;180;;;Activado
329;10:00;;15:00;;Horario Libre;60;;;Activado
330;07:30;;15:30;;Horario Libre;105;;;Activado
331;07:30;;18:15;;Horario Libre;160;;;Activado
332;07:25;;12:00;;Sin descanso;;;;Activado
333;07:00;;11:25;;Sin descanso;;;;Activado
334;07:30;;18:00;;Horario Libre;150;;;Activado
335;08:00;;17:00;;Horario Libre;180;;;Activado
336;07:30;;18:15;;Horario Libre;130;;;Activado
337;08:00;;18:00;;Horario Libre;360;;;Activado
338;07:30;;18:00;;Horario Libre;120;;;Activado
339;07:00;;14:00;;Sin descanso;;;;Activado
340;08:30;;10:30;;Sin descanso;;;;Activado
341;07:30;;17:30;;Horario Libre;135;;;Activado
342;07:00;;10:00;;Sin descanso;;;;Activado
343;07:30;;17:45;;Horario Libre;165;;;Activado
344;12:00;;14:00;;Sin descanso;;;;Activado
345;07:30;;18:30;;Horario Libre;105;;;Activado
346;07:30;;11:10;;Sin descanso;;;;Activado
347;09:00;;11:30;;Sin descanso;;;;Activado
348;08:00;;11:40;;Sin descanso;;;;Activado
349;07:00;;14:30;;Sin descanso;;;;Activado
350;07:30;;13:30;;Sin descanso;;;;Activado
351;14:30;;17:30;;Sin descanso;;;;Activado
352;07:30;;18:00;;Horario Libre;135;;;Activado
353;07:30;;17:40;;Horario Libre;130;;;Activado
354;07:30;;16:40;;Horario Libre;130;;;Activado
355;07:30;;18:00;;Horario Libre;95;;;Activado
356;07:30;;17:30;;Horario Libre;105;;;Activado
357;07:30;;18:00;;Horario Libre;100;;;Activado
358;11:00;;12:30;;Sin descanso;;;;Activado
359;07:30;;18:00;;Horario Libre;180;;;Activado
360;08:15;;12:15;;Sin descanso;;;;Activado
361;08:00;;12:15;;Sin descanso;;;;Activado
362;08:30;;17:00;;Horario Libre;30;;;Activado
363;14:00;;17:40;;Sin descanso;;;;Activado
364;10:30;;11:30;;Sin descanso;;;;Activado
365;14:15;;17:15;;Sin descanso;;;;Activado
366;07:30;;11:20;;Sin descanso;;;;Activado
367;08:00;;11:30;;Sin descanso;;;;Activado
368;10:30;;12:30;;Sin descanso;;;;Activado
369;13:00;;16:30;;Sin descanso;;;;Activado
370;13:00;;17:45;;Sin descanso;;;;Activado
371;13:10;;18:00;;Sin descanso;;;;Activado
372;13:30;;16:00;;Sin descanso;;;;Activado
373;13:40;;18:00;;Sin descanso;;;;Activado
374;13:42;;18:00;;Sin descanso;;;;Activado
375;08:30;;13:45;;Sin descanso;;;;Activado
376;08:00;;13:45;;Sin descanso;;;;Activado
377;11:30;;12:00;;Sin descanso;;;;Activado
378;11:30;;12:40;;Sin descanso;;;;Activado
379;12:40;;17:30;;Sin descanso;;;;Activado
380;08:30;;17:30;;Sin descanso;;;;Activado
381;08:10;;12:10;;Sin descanso;;;;Activado
382;08:00;;12:25;;Sin descanso;;;;Activado
383;21:00;;04:00;;Sin descanso;;;;Activado
384;06:12;;12:00;;Sin descanso;;;;Activado
385;13:00;;16:00;;Sin descanso;;;;Activado
386;08:00;;11:42;;Sin descanso;;;;Activado
387;06:10;;14:00;;Horario Libre;30;;;Activado
388;12:10;;20:00;;Horario Libre;30;;;Activado
389;11:40;;19:30;;Horario Libre;30;;;Activado
390;07:00;;18:00;;Sin descanso;;;;Activado
391;09:00;;17:30;;Horario Libre;150;;;Activado
392;05:00;;13:20;;Horario Libre;60;;;Activado
393;07:30;;17:00;;Horario Libre;90;;;Activado
394;07:30;;15:48;;Horario Libre;60;;;Activado
395;15:00;;19:00;;Sin descanso;;;;Activado
396;14:00;;17:00;;Sin descanso;;;;Activado
397;17:00;;20:00;;Sin descanso;;;;Activado
398;05:00;;12:00;;Sin descanso;;;;Activado
399;08:00;;16:30;;Horario Libre;60;;;Activado
400;09:00;;17:30;;Horario Libre;60;;;Activado
401;06:00;;14:00;;Horario Libre;40;;;Activado
402;13:00;;21:00;;Horario Libre;40;;;Activado
403;21:00;;05:00;;Horario Libre;40;;;Activado
404;13:00;;20:20;;Sin descanso;;;;Activado
405;21:00;;04:20;;Sin descanso;;;;Activado
406;16:00;;00:00;;Sin descanso;;;;Activado
407;16:00;;23:00;;Sin descanso;;;;Activado
408;06:00;;13:20;;Horario Libre;15;;;Activado
409;09:00;;17:20;;Horario Libre;60;;;Activado
410;14:00;;21:20;;Horario Libre;15;;;Activado
411;22:00;;05:20;;Horario Libre;15;;;Activado
412;06:00;;09:30;;Sin descanso;;;;Activado
413;03:00;;11:00;;Sin descanso;;;;Activado
414;06:00;;13:00;;Horario Libre;20;;;Activado
415;12:00;;19:00;;Horario Libre;20;;;Activado
416;11:00;;19:00;;Horario Libre;20;;;Activado
417;18:00;;02:00;;Sin descanso;;;;Activado
418;06:00;;14:00;;Horario Libre;30;;;Activado
419;06:00;;13:00;;Horario Libre;30;;;Activado
420;14:00;;22:00;;Horario Libre;30;;;Activado
421;14:00;;21:00;;Horario Libre;30;;;Activado
422;22:00;;06:00;;Horario Libre;30;;;Activado
423;22:00;;05:00;;Horario Libre;30;;;Activado
424;07:00;;16:00;;Horario Libre;30;;;Activado
425;06:00;;13:30;;Horario Libre;15;;;Activado
426;05:00;;14:00;;Horario Libre;60;;;Activado
427;05:00;;11:00;;Sin descanso;;;;Activado
428;13:00;;21:00;;Horario Libre;60;;;Activado
429;08:00;;16:00;;Horario Libre;15;;;Activado
430;00:00;;08:00;;Horario Libre;15;;;Activado
431;05:00;;12:40;;Horario Libre;10;;;Activado
432;05:00;;13:10;;Horario Libre;10;;;Activado
433;05:00;;11:10;;Horario Libre;10;;;Activado
434;06:00;;13:40;;Horario Libre;10;;;Activado
435;06:00;;14:10;;Horario Libre;10;;;Activado
436;08:00;;15:40;;Horario Libre;10;;;Activado
437;08:00;;12:10;;Sin descanso;;;;Activado
438;08:00;;11:10;;Sin descanso;;;;Activado
439;10:00;;16:10;;Horario Libre;10;;;Activado
440;11:00;;19:10;;Horario Libre;10;;;Activado
441;11:30;;19:10;;Horario Libre;10;;;Activado
442;06:00;;09:00;;Sin descanso;;;;Activado
443;06:30;;10:30;;Horario Libre;15;;;Activado
444;07:00;;15:00;;Horario Libre;30;;;Activado
445;07:00;;14:00;;Horario Libre;30;;;Activado
446;07:00;;12:00;;Horario Libre;10;;;Activado
447;07:00;;15:30;;Horario Libre;20;;;Activado
448;07:00;;13:00;;Horario Libre;15;;;Activado
449;06:00;;12:00;;Horario Libre;15;;;Activado
450;07:00;;11:35;;Sin descanso;;;;Activado
451;06:00;;13:00;;Horario Libre;15;;;Activado
452;13:30;;21:00;;Horario Libre;20;;;Activado
453;13:00;;20:00;;Horario Libre;20;;;Activado
454;06:00;;14:00;;Horario Libre;10;;;Activado
455;06:00;;13:00;;Horario Libre;10;;;Activado
456;06:00;;12:00;;Horario Libre;10;;;Activado
457;16:00;;18:00;;Sin descanso;;;;Activado
458;14:30;;16:30;;Sin descanso;;;;Activado
459;13:30;;16:48;;Sin descanso;;;;Activado
460;07:30;;16:48;;Horario Libre;120;;;Activado
461;07:30;;17:03;;Horario Libre;135;;;Activado
462;15:00;;23:00;;Sin descanso;;;;Activado
463;23:00;;07:00;;Sin descanso;;;;Activado
464;05:30;;13:30;;Sin descanso;;;;Activado
465;14:00;;20:40;;Sin descanso;;;;Activado
466;13:00;;20:40;;Sin descanso;;;;Activado
467;13:00;;19:40;;Sin descanso;;;;Activado
468;14:20;;21:00;;Sin descanso;;;;Activado
469;13:20;;21:00;;Sin descanso;;;;Activado
470;13:20;;20:00;;Sin descanso;;;;Activado
471;21:20;;05:00;;Sin descanso;;;;Activado
472;22:20;;05:00;;Sin descanso;;;;Activado
473;22:00;;05:40;;Sin descanso;;;;Activado
474;22:00;;04:40;;Sin descanso;;;;Activado
475;06:00;;11:40;;Sin descanso;;;;Activado
476;13:00;;18:40;;Sin descanso;;;;Activado
477;07:00;;15:40;;Sin descanso;;;;Activado
478;07:00;;13:40;;Sin descanso;;;;Activado
479;06:30;;14:30;;Horario Libre;40;;;Activado
480;07:00;;15:00;;Horario Libre;40;;;Activado
481;08:00;;16:00;;Horario Libre;40;;;Activado
482;09:00;;17:00;;Horario Libre;40;;;Activado
483;09:30;;17:30;;Horario Libre;40;;;Activado
484;12:30;;20:30;;Horario Libre;40;;;Activado
485;14:00;;22:00;;Horario Libre;40;;;Activado
486;16:00;;12:00;;Horario Libre;40;;;Activado
487;06:30;;10:30;;Sin descanso;;;;Activado
488;07:00;;17:00;;Sin descanso;;;;Activado
489;07:00;;17:00;;Horario Libre;220;;;Activado
490;08:00;;17:00;;Horario Libre;160;;;Activado
491;07:00;;09:00;;Sin descanso;;;;Activado
492;13:30;;22:00;;Horario Libre;30;;;Activado
493;21:30;;06:00;;Horario Libre;30;;;Activado
494;06:00;;14:18;;Horario Libre;60;;;Activado
495;08:00;;16:18;;Horario Libre;60;;;Activado
496;07:00;;14:54;;Horario Libre;90;;;Activado
497;06:00;;13:30;;Horario Libre;30;;;Activado
498;07:00;;19:00;;Horario Libre;60;;;Activado
499;06:30;;17:00;;Horario Libre;60;;;Activado
500;06:30;;15:15;;Horario Libre;60;;;Activado
501;07:30;;17:30;;Horario Libre;162;;;Activado
502;07:45;;17:30;;Horario Libre;147;;;Activado
503;07:00;;17:48;;Horario Libre;120;;;Activado
504;07:30;;15:30;;Horario Libre;60;;;Activado
505;06:00;;14:48;;Sin descanso;;;;Activado
506;15:00;;16:30;;Sin descanso;;;;Activado
507;07:30;;17:30;;Horario Libre;192;;;Activado
508;14:00;;15:48;;Sin descanso;;;;Activado
509;07:30;;12:06;;Sin descanso;;;;Activado
510;15:00;;18:30;;Sin descanso;;;;Activado
511;07:30;;15:20;;Horario Libre;30;;;Activado
512;07:15;;16:30;;Horario Libre;30;;;Activado
513;05:00;;12:20;;Sin descanso;;;;Activado
514;07:15;;15:40;;Horario Libre;60;;;Activado
515;06:00;;14:40;;Horario Libre;30;;;Activado
516;06:00;;16:00;;Sin descanso;;;;Activado
517;06:30;;14:00;;Sin descanso;;;;Activado
518;14:00;;21:30;;Sin descanso;;;;Activado
519;14:30;;22:00;;Sin descanso;;;;Activado
520;15:30;;21:00;;Sin descanso;;;;Activado
521;06:00;;13:50;;Sin descanso;;;;Activado
522;06:00;;12:50;;Sin descanso;;;;Activado
523;14:00;;21:50;;Sin descanso;;;;Activado
524;13:00;;19:50;;Sin descanso;;;;Activado
525;22:20;;06:00;;Sin descanso;;;;Activado
526;06:00;;17:50;;Sin descanso;;;;Activado
527;10:00;;21:50;;Sin descanso;;;;Activado
528;18:20;;06:00;;Sin descanso;;;;Activado
529;19:20;;06:00;;Sin descanso;;;;Activado
530;06:00;;13:40;;Sin descanso;;;;Activado
531;11:30;;15:30;;Sin descanso;;;;Activado
532;07:00;;16:30;;Sin descanso;;;;Activado
533;07:00;;15:30;;Horario Libre;30;;;Activado
534;07:00;;16:30;;Horario Libre;30;;;Activado
535;06:10;;13:50;;Sin descanso;;;;Activado
536;14:10;;21:50;;Sin descanso;;;;Activado
537;22:10;;05:50;;Sin descanso;;;;Activado
538;07:50;;18:00;;Horario Libre;170;;;Activado
539;07:30;;17:45;;Horario Libre;175;;;Activado
540;07:45;;17:00;;Horario Libre;115;;;Activado
541;07:45;;18:00;;Horario Libre;135;;;Activado
542;06:00;;15:30;;Horario Libre;90;;;Activado
543;07:00;;16:30;;Horario Libre;60;;;Activado
544;07:45;;17:45;;Horario Libre;150;;;Activado
545;08:00;;16:30;;Horario Libre;150;;;Activado
546;07:45;;17:45;;Horario Libre;120;;;Activado
547;13:00;;20:00;;Horario Libre;40;;;Activado
548;06:20;;13:40;;Sin descanso;;;;Activado
549;06:40;;14:00;;Sin descanso;;;;Activado
550;13:40;;21:00;;Sin descanso;;;;Activado
551;14:40;;22:00;;Sin descanso;;;;Activado
552;18:40;;22:00;;Sin descanso;;;;Activado
553;08:30;;18:00;;Horario Libre;278;;;Activado
554;07:45;;18:30;;Horario Libre;85;;;Activado
555;06:00;;12:10;;Horario Libre;10;;;Activado
556;07:45;;17:30;;Horario Libre;195;;;Activado
557;14:30;;18:00;;Sin descanso;;;;Activado
558;14:45;;18:00;;Sin descanso;;;;Activado
559;08:00;;09:50;;Sin descanso;;;;Activado
560;07:00;;10:42;;Sin descanso;;;;Activado
561;07:45;;11:30;;Sin descanso;;;;Activado
562;07:45;;12:30;;Sin descanso;;;;Activado
563;07:30;;11:42;;Sin descanso;;;;Activado
564;05:00;;13:00;;Horario Libre;40;;;Activado
565;06:00;;13:30;;Horario Libre;25;;;Activado
566;04:00;;11:30;;Horario Libre;25;;;Activado
567;04:00;;12:00;;Horario Libre;25;;;Activado
568;15:30;;23:00;;Horario Libre;25;;;Activado
569;14:30;;22:30;;Horario Libre;25;;;Activado
570;07:00;;18:00;;Horario Libre;220;;;Activado
571;07:00;;17:00;;Horario Libre;160;;;Activado
572;07:30;;16:30;;Sin descanso;;;;Activado
573;13:40;;21:40;;Horario Libre;40;;;Activado
574;12:00;;20:00;;Horario Libre;40;;;Activado
575;06:00;;12:00;;Horario Libre;40;;;Activado
576;06:00;;15:00;;Horario Libre;40;;;Activado
577;05:00;;15:00;;Horario Libre;60;;;Activado
578;06:20;;14:20;;Horario Libre;60;;;Activado
579;05:30;;16:00;;Horario Libre;60;;;Activado
580;05:30;;15:00;;Horario Libre;60;;;Activado
581;05:30;;14:30;;Horario Libre;60;;;Activado
582;05:30;;15:30;;Horario Libre;60;;;Activado
583;05:30;;14:00;;Horario Libre;60;;;Activado
584;06:00;;08:00;;Sin descanso;;;;Activado
585;08:10;;10:10;;Sin descanso;;;;Activado
586;06:30;;16:30;;Horario Libre;60;;;Activado
587;06:00;;14:30;;Horario Libre;30;;;Activado
588;10:00;;18:00;;Horario Libre;30;;;Activado
589;06:00;;13:35;;Horario Libre;15;;;Activado
590;10:00;;18:20;;Horario Libre;60;;;Activado
591;12:55;;20:30;;Horario Libre;15;;;Activado
592;07:00;;14:35;;Horario Libre;15;;;Activado
593;07:00;;15:40;;Horario Libre;40;;;Activado
594;10:00;;13:40;;Sin descanso;;;;Activado
595;11:30;;20:00;;Horario Libre;60;;;Activado
596;07:30;;18:00;;Horario Libre;330;;;Activado
597;07:00;;13:30;;Sin descanso;;;;Activado
598;08:00;;15:40;;Sin descanso;;;;Activado
599;08:00;;13:40;;Sin descanso;;;;Activado
600;07:00;;12:40;;Sin descanso;;;;Activado
601;22:00;;05:20;;Horario Libre;30;;;Activado
602;22:00;;05:30;;Horario Libre;30;;;Activado
603;14:40;;22:00;;Horario Libre;30;;;Activado
604;06:00;;11:00;;Horario Libre;30;;;Activado
605;06:00;;12:00;;Horario Libre;30;;;Activado
606;07:30;;12:30;;Horario Libre;30;;;Activado
607;12:00;;18:00;;Horario Libre;30;;;Activado
608;15:00;;21:00;;Horario Libre;30;;;Activado
609;13:30;;20:30;;Horario Libre;30;;;Activado
610;06:30;;11:00;;Sin descanso;;;;Activado
611;06:30;;12:30;;Sin descanso;;;;Activado
612;06:30;;18:00;;Horario Libre;240;;;Activado
613;07:00;;18:00;;Horario Libre;180;;;Activado
614;07:00;;17:30;;Horario Libre;180;;;Activado
615;14:00;;22:00;;Horario Libre;60;;;Activado
616;11:00;;22:00;;Horario Libre;60;;;Activado
617;11:00;;17:30;;Sin descanso;;;;Activado
618;07:00;;10:30;;Sin descanso;;;;Activado
619;07:00;;12:30;;Sin descanso;;;;Activado
620;06:30;;15:30;;Horario Libre;60;;;Activado
621;06:30;;16:00;;Sin descanso;;;;Activado
622;05:00;;12:30;;Sin descanso;;;;Activado
623;15:00;;22:30;;Sin descanso;;;;Activado
624;22:30;;06:00;;Sin descanso;;;;Activado
625;13:20;;20:40;;Sin descanso;;;;Activado
626;07:30;;17:00;;Sin descanso;;;;Activado
627;15:00;;22:30;;Horario Libre;25;;;Activado
628;14:00;;22:00;;Horario Libre;25;;;Activado
629;07:00;;14:40;;Sin descanso;;;;Activado
630;06:20;;14:20;;Horario Libre;40;;;Activado
631;11:00;;18:40;;Sin descanso;;;;Activado
632;11:00;;19:00;;Horario Libre;30;;;Activado
633;;;;07:20;Sin descanso;;;;Activado
634;13:00;;17:25;;Sin descanso;;;;Activado
635;06:45;;17:00;;Horario Libre;60;;;Activado
636;06:45;;16:45;;Horario Libre;60;;;Activado
637;16:00;;19:00;;Sin descanso;;;;Activado
638;14:30;;17:00;;Sin descanso;;;;Activado
639;21:00;;05:00;;Sin descanso;;;;Activado
640;06:00;;15:30;;Horario Libre;30;;;Activado
641;08:00;;17:00;;Horario Libre;30;;;Activado
642;21:00;;04:30;;Horario Libre;30;;;Activado
643;21:00;;05:30;;Horario Libre;30;;;Activado
644;22:00;;04:30;;Horario Libre;30;;;Activado
645;07:45;;17:45;;Horario Libre;105;;;Activado
646;14:45;;17:45;;Sin descanso;;;;Activado
647;14:30;;16:00;;Sin descanso;;;;Activado
648;14:00;;16:45;;Sin descanso;;;;Activado
649;07:45;;11:15;;Sin descanso;;;;Activado
650;13:30;;15:00;;Sin descanso;;;;Activado
651;13:45;;15:30;;Sin descanso;;;;Activado
652;14:12;;17:30;;Sin descanso;;;;Activado
653;07:45;;11:25;;Sin descanso;;;;Activado
654;07:45;;11:18;;Sin descanso;;;;Activado
655;13:45;;17:30;;Sin descanso;;;;Activado
656;07:40;;15:30;;Horario Libre;30;;;Activado
657;22:00;;06:00;;Horario Libre;40;;;Activado
658;07:30;;17:15;;Horario Libre;135;;;Activado
659;07:30;;17:00;;Horario Libre;135;;;Activado
660;07:30;;17:30;;Horario Libre;150;;;Activado
661;07:30;;17:10;;Horario Libre;150;;;Activado
662;07:45;;18:00;;Horario Libre;255;;;Activado
663;07:45;;11:00;;Sin descanso;;;;Activado
664;09:00;;16:20;;Sin descanso;;;;Activado
665;10:00;;15:30;;Sin descanso;;;;Activado
666;11:00;;18:20;;Sin descanso;;;;Activado
667;16:00;;21:30;;Sin descanso;;;;Activado
668;08:00;;15:20;;Sin descanso;;;;Activado
669;15:00;;20:00;;Sin descanso;;;;Activado
670;07:00;;17:30;;Horario Libre;30;;;Activado
671;13:10;;20:30;;Sin descanso;;;;Activado
672;12:00;;21:00;;Horario Libre;40;;;Activado
673;11:00;;19:00;;Horario Libre;40;;;Activado
674;08:30;;16:30;;Horario Libre;40;;;Activado
675;07:30;;15:30;;Horario Libre;40;;;Activado
676;06:15;;17:15;;Horario Libre;60;;;Activado
677;08:00;;16:10;;Horario Libre;10;;;Activado
678;06:20;;14:00;;Sin descanso;;;;Activado
679;14:00;;21:40;;Sin descanso;;;;Activado
680;17:40;;21:00;;Sin descanso;;;;Activado
681;11:40;;21:00;;Horario Libre;120;;;Activado
682;11:10;;19:00;;Horario Libre;30;;;Activado
683;15:40;;19:00;;Sin descanso;;;;Activado
684;08:00;;15:50;;Horario Libre;30;;;Activado
685;12:10;;15:50;;Sin descanso;;;;Activado
686;12:30;;20:30;;Sin descanso;;;;Activado
687;12:30;;20:10;;Sin descanso;;;;Activado
688;12:00;;19:20;;Sin descanso;;;;Activado
689;13:30;;20:50;;Sin descanso;;;;Activado
690;06:00;;15:00;;Horario Libre;30;;;Activado
691;11:00;;20:00;;Horario Libre;30;;;Activado
692;07:30;;17:00;;Horario Libre;30;;;Activado
693;07:30;;16:00;;Horario Libre;30;;;Activado
694;07:45;;16:45;;Horario Libre;195;;;Activado
695;06:00;;14:00;;Horario Libre;25;;;Activado
696;15:00;;23:00;;Horario Libre;25;;;Activado
697;06:00;;14:20;;Horario Libre;60;;;Activado
698;09:40;;18:00;;Horario Libre;60;;;Activado
699;21:00;;05:20;;Horario Libre;60;;;Activado
700;05:00;;12:50;;Horario Libre;30;;;Activado
701;10:50;;17:50;;Horario Libre;30;;;Activado
702;10:00;;17:50;;Horario Libre;30;;;Activado
703;10:00;;17:00;;Sin descanso;;;;Activado
704;14:30;;21:30;;Horario Libre;15;;;Activado
705;13:30;;21:30;;Horario Libre;15;;;Activado
706;06:30;;13:00;;Horario Libre;15;;;Activado
707;06:30;;16:10;;Horario Libre;15;;;Activado
708;06:30;;16:30;;Horario Libre;15;;;Activado
709;06:00;;15:18;;Horario Libre;120;;;Activado
710;07:30;;17:50;;Horario Libre;90;;;Activado
711;11:44;;12:44;;Sin descanso;;;;Activado
712;12:05;;13:53;;Sin descanso;;;;Activado
713;11:42;;12:43;;Sin descanso;;;;Activado
714;11:00;;13:00;;Sin descanso;;;;Activado
715;12:00;;14:18;;Sin descanso;;;;Activado
716;08:00;;11:42;;Horario Libre;15;;;Activado
717;06:00;;10:00;;Horario Libre;15;;;Activado
718;08:00;;14:24;;Horario Libre;30;;;Activado
719;08:00;;15:48;;Horario Libre;30;;;Activado
720;08:00;;13:27;;Horario Libre;30;;;Activado
721;08:00;;17:45;;Horario Libre;30;;;Activado
722;08:00;;17:45;;Horario Libre;60;;;Activado
723;08:30;;11:20;;Sin descanso;;;;Activado
724;11:30;;12:30;;Sin descanso;;;;Activado
725;07:30;;15:30;;Horario Libre;120;;;Activado
726;06:20;;14:00;;Horario Libre;20;;;Activado
727;14:00;;21:40;;Horario Libre;20;;;Activado
728;12:20;;20:00;;Horario Libre;20;;;Activado
729;07:30;;17:03;;Horario Libre;60;;;Activado
730;10:45;;17:03;;Sin descanso;;;;Activado
731;07:30;;10:15;;Sin descanso;;;;Activado
732;07:00;;15:48;;Horario Libre;90;;;Activado
733;07:45;;18:00;;Horario Libre;175;;;Activado
734;07:15;;17:18;;Horario Libre;165;;;Activado
735;07:00;;09:12;;Sin descanso;;;;Activado
736;07:30;;16:50;;Horario Libre;120;;;Activado
737;07:30;;11:06;;Sin descanso;;;;Activado
738;07:30;;16:48;;Horario Libre;60;;;Activado
739;07:30;;13:42;;Sin descanso;;;;Activado
740;07:30;;17:00;;Horario Libre;120;;;Activado
741;07:30;;11:18;;Sin descanso;;;;Activado
742;07:15;;15:40;;Sin descanso;;;;Activado
743;07:00;;10:50;;Sin descanso;;;;Activado
744;07:30;;16:45;;Horario Libre;60;;;Activado
745;08:30;;16:48;;Horario Libre;60;;;Activado
746;07:15;;15:33;;Horario Libre;60;;;Activado
747;07:15;;10:51;;Sin descanso;;;;Activado
748;07:30;;15:24;;Horario Libre;60;;;Activado
749;07:30;;15:45;;Horario Libre;350;;;Activado
750;08:30;;16:45;;Horario Libre;350;;;Activado
751;06:00;;16:20;;Horario Libre;350;;;Activado
752;06:30;;14:20;;Horario Libre;60;;;Activado
753;07:00;;16:20;;Horario Libre;120;;;Activado
754;07:30;;15:30;;Horario Libre;162;;;Activado
755;07:40;;16:00;;Horario Libre;60;;;Activado
756;08:00;;16:00;;Horario Libre;100;;;Activado
757;07:00;;15:18;;Horario Libre;80;;;Activado
758;07:50;;13:50;;Horario Libre;170;;;Activado
759;07:45;;17:03;;Horario Libre;60;;;Activado
760;07:45;;17:00;;Horario Libre;60;;;Activado
761;07:30;;17:10;;Horario Libre;120;;;Activado
762;06:00;;15:18;;Sin descanso;;;;Activado
763;07:30;;17:33;;Horario Libre;105;;;Activado
764;07:00;;16:30;;Horario Libre;120;;;Activado
765;07:00;;16:00;;Horario Libre;100;;;Activado
766;08:00;;15:18;;Sin descanso;;;;Activado
767;09:45;;16:40;;Sin descanso;;;;Activado
768;09:45;;16:10;;Sin descanso;;;;Activado
769;07:30;;11:12;;Sin descanso;;;;Activado
770;10:18;;16:18;;Horario Libre;60;;;Activado
771;08:00;;14:18;;Horario Libre;60;;;Activado
772;10:00;;16:18;;Horario Libre;60;;;Activado
773;06:00;;16:18;;Horario Libre;60;;;Activado
774;06:00;;16:48;;Horario Libre;60;;;Activado
775;06:00;;09:40;;Sin descanso;;;;Activado
776;07:30;;14:18;;Horario Libre;60;;;Activado
777;06:30;;15:48;;Sin descanso;;;;Activado
778;07:40;;17:30;;Horario Libre;120;;;Activado
779;07:30;;11:44;;Sin descanso;;;;Activado
780;06:30;;17:30;;Horario Libre;120;;;Activado
781;07:00;;17:00;;Horario Libre;375;;;Activado
782;07:00;;15:30;;Horario Libre;375;;;Activado
783;06:00;;16:00;;Horario Libre;375;;;Activado
784;07:50;;15:10;;Sin descanso;;;;Activado
785;07:00;;17:05;;Horario Libre;60;;;Activado
786;13:30;;17:05;;Horario Libre;60;;;Activado
787;07:00;;17:30;;Horario Libre;165;;;Activado
788;07:30;;17:40;;Horario Libre;60;;;Activado
789;07:00;;16:00;;Horario Libre;222;;;Activado
790;07:30;;17:40;;Horario Libre;120;;;Activado
791;07:30;;17:15;;Horario Libre;120;;;Activado
792;08:30;;18:00;;Horario Libre;150;;;Activado
793;07:30;;18:00;;Sin descanso;;;;Activado
794;07:30;;16:21;;Horario Libre;135;;;Activado
795;07:30;;16:04;;Horario Libre;120;;;Activado
796;07:30;;14:48;;Horario Libre;60;;;Activado
797;07:30;;16:42;;Horario Libre;120;;;Activado
798;07:30;;16:36;;Horario Libre;150;;;Activado
799;07:30;;17:18;;Horario Libre;240;;;Activado
800;11:30;;13:15;;Sin descanso;;;;Activado
801;07:30;;09:18;;Sin descanso;;;;Activado
802;08:00;;17:30;;Horario Libre;240;;;Activado
803;07:30;;11:52;;Sin descanso;;;;Activado
804;07:30;;11:15;;Sin descanso;;;;Activado
805;08:45;;17:45;;Horario Libre;60;;;Activado
806;12:00;;17:36;;Sin descanso;;;;Activado
807;06:00;;15:18;;Horario Libre;60;;;Activado
808;07:30;;14:54;;Horario Libre;60;;;Activado
809;07:30;;16:12;;Horario Libre;60;;;Activado
810;07:30;;14:30;;Horario Libre;60;;;Activado
811;09:00;;15:30;;Horario Libre;60;;;Activado
812;08:15;;16:33;;Horario Libre;60;;;Activado
813;10:30;;12:18;;Sin descanso;;;;Activado
814;07:30;;17:38;;Horario Libre;170;;;Activado
815;08:00;;14:06;;Sin descanso;;;;Activado
816;08:30;;15:00;;Sin descanso;;;;Activado
817;08:30;;16:40;;Horario Libre;60;;;Activado
818;07:30;;16:40;;Horario Libre;60;;;Activado
819;07:30;;14:20;;Sin descanso;;;;Activado
820;07:30;;16:00;;Sin descanso;;;;Activado
821;07:45;;15:15;;Horario Libre;120;;;Activado
822;07:45;;11:21;;Sin descanso;;;;Activado
823;11:00;;16:24;;Horario Libre;60;;;Activado
824;08:00;;15:50;;Horario Libre;120;;;Activado
825;07:45;;12:00;;Sin descanso;;;;Activado
826;07:45;;16:45;;Sin descanso;;;;Activado
827;07:45;;10:00;;Sin descanso;;;;Activado
828;08:15;;15:00;;Horario Libre;75;;;Activado
829;08:00;;13:50;;Sin descanso;;;;Activado
830;08:00;;13:15;;Sin descanso;;;;Activado
831;07:45;;15:30;;Horario Libre;135;;;Activado
832;07:45;;16:45;;Horario Libre;60;;;Activado
833;09:45;;14:10;;Sin descanso;;;;Activado
834;07:24;;12:00;;Sin descanso;;;;Activado
835;07:00;;11:24;;Sin descanso;;;;Activado
836;07:45;;16:00;;Horario Libre;60;;;Activado
837;07:45;;16:30;;Horario Libre;60;;;Activado
838;07:45;;17:45;;Horario Libre;162;;;Activado
839;08:00;;12:36;;Sin descanso;;;;Activado
840;07:45;;12:09;;Sin descanso;;;;Activado
841;07:45;;15:35;;Sin descanso;;;;Activado
842;09:30;;14:20;;Sin descanso;;;;Activado
843;07:45;;15:15;;Horario Libre;60;;;Activado
844;10:00;;17:45;;Sin descanso;;;;Activado
845;07:40;;15:00;;Horario Libre;60;;;Activado
846;07:30;;11:48;;Sin descanso;;;;Activado
847;07:45;;14:15;;Sin descanso;;;;Activado
848;08:30;;12:12;;Sin descanso;;;;Activado
849;07:45;;12:45;;Sin descanso;;;;Activado
850;07:30;;15:06;;Sin descanso;;;;Activado
851;13:00;;16:42;;Sin descanso;;;;Activado
852;09:00;;10:48;;Sin descanso;;;;Activado
853;08:00;;16:46;;Sin descanso;;;;Activado
854;07:00;;13:54;;Sin descanso;;;;Activado
855;08:00;;11:24;;Sin descanso;;;;Activado
856;08:00;;13:30;;Sin descanso;;;;Activado
857;08:00;;16:10;;Sin descanso;;;;Activado
858;08:00;;12:18;;Sin descanso;;;;Activado
859;14:00;;11:42;;Sin descanso;;;;Activado
860;12:30;;16:12;;Sin descanso;;;;Activado
861;17:00;;19:00;;Sin descanso;;;;Activado
862;08:00;;17:06;;Sin descanso;;;;Activado
863;18:00;;20:00;;Sin descanso;;;;Activado
864;08:00;;18:00;;Horario Libre;210;;;Activado
865;08:00;;12:12;;Sin descanso;;;;Activado
866;08:00;;14:24;;Sin descanso;;;;Activado
867;12:30;;16:18;;Horario Libre;60;;;Activado
868;08:00;;16:12;;Sin descanso;;;;Activado
869;07:00;;16:10;;Sin descanso;;;;Activado
870;07:00;;16:06;;Horario Libre;60;;;Activado
871;08:00;;13:06;;Sin descanso;;;;Activado
872;08:00;;15:30;;Sin descanso;;;;Activado
873;07:45;;11:45;;Horario Libre;60;;;Activado
874;07:30;;11:40;;Sin descanso;;;;Activado
875;06:00;;17:00;;Sin descanso;;;;Activado
876;07:00;;16:33;;Horario Libre;60;;;Activado
877;06:00;;14:42;;Horario Libre;60;;;Activado
878;06:30;;16:30;;Horario Libre;120;;;Activado
879;08:30;;17:00;;Horario Libre;60;;;Activado
880;06:00;;15:48;;Horario Libre;60;;;Activado
881;08:12;;18:00;;Horario Libre;60;;;Activado
882;09:00;;18:48;;Horario Libre;60;;;Activado
883;07:30;;09:36;;Sin descanso;;;;Activado
884;21:00;;05:30;;Sin descanso;;;;Activado
885;06:00;;14:36;;Horario Libre;60;;;Activado
886;07:00;;15:36;;Horario Libre;60;;;Activado
887;15:00;;19:48;;Sin descanso;;;;Activado
888;12:00;;21:00;;Sin descanso;;;;Activado
889;06:00;;15:30;;Sin descanso;;;;Activado
890;06:30;;16:00;;Horario Libre;60;;;Activado
891;06:00;;10:24;;Horario Libre;60;;;Activado
892;10:18;;14:18;;Sin descanso;;;;Activado
893;10:00;;14:18;;Sin descanso;;;;Activado
894;07:50;;12:00;;Sin descanso;;;;Activado
895;10:20;;12:20;;Sin descanso;;;;Activado
896;07:30;;15:54;;Sin descanso;;;;Activado
897;07:30;;10:40;;Sin descanso;;;;Activado
898;10:55;;12:00;;Sin descanso;;;;Activado
899;08:30;;14:06;;Sin descanso;;;;Activado
900;06:00;;20:00;;Sin descanso;;;;Activado
901;06:30;;13:00;;Sin descanso;;;;Activado
902;07:00;;17:20;;Horario Libre;60;;;Activado
903;07:00;;09:45;;Sin descanso;;;;Activado
904;07:15;;13:33;;Sin descanso;;;;Activado
905;07:30;;14:50;;Sin descanso;;;;Activado
906;07:30;;09:50;;Sin descanso;;;;Activado
907;07:30;;16:18;;Horario Libre;60;;;Activado
908;07:30;;17:40;;Sin descanso;;;;Activado
909;07:30;;15:10;;Sin descanso;;;;Activado
910;07:45;;09:45;;Sin descanso;;;;Activado
911;08:00;;11:06;;Sin descanso;;;;Activado
912;08:00;;13:54;;Sin descanso;;;;Activado
913;08:00;;12:06;;Sin descanso;;;;Activado
914;08:00;;10:30;;Sin descanso;;;;Activado
915;08:00;;11:50;;Sin descanso;;;;Activado
916;08:00;;12:40;;Sin descanso;;;;Activado
917;09:00;;14:30;;Sin descanso;;;;Activado
918;09:00;;14:00;;Sin descanso;;;;Activado
919;09:00;;12:06;;Sin descanso;;;;Activado
920;09:00;;12:42;;Sin descanso;;;;Activado
921;09:10;;10:10;;Sin descanso;;;;Activado
922;09:30;;14:30;;Sin descanso;;;;Activado
923;09:30;;13:48;;Sin descanso;;;;Activado
924;09:30;;12:36;;Sin descanso;;;;Activado
925;10:00;;11:00;;Sin descanso;;;;Activado
926;10:00;;13:45;;Sin descanso;;;;Activado
927;11:00;;13:30;;Sin descanso;;;;Activado
928;12:30;;17:06;;Sin descanso;;;;Activado
929;12:30;;13:00;;Sin descanso;;;;Activado
930;13:00;;17:06;;Sin descanso;;;;Activado
931;13:30;;14:46;;Sin descanso;;;;Activado
932;13:30;;15:30;;Sin descanso;;;;Activado
933;14:00;;16:12;;Sin descanso;;;;Activado
934;14:00;;17:05;;Sin descanso;;;;Activado
935;14:00;;15:00;;Sin descanso;;;;Activado
936;14:00;;16:30;;Sin descanso;;;;Activado
937;07:30;;17:45;;Horario Libre;60;;;Activado
938;12:30;;20:00;;Sin descanso;;;;Activado
939;05:30;;13:00;;Sin descanso;;;;Activado
940;07:00;;17:00;;Horario Libre;30;;;Activado
941;15:00;;17:45;;Sin descanso;;;;Activado
942;07:30;;10:48;;Sin descanso;;;;Activado
943;13:45;;15:50;;Sin descanso;;;;Activado
944;15:33;;17:45;;Sin descanso;;;;Activado
945;08:00;;11:45;;Sin descanso;;;;Activado
946;09:30;;18:30;;Horario Libre;60;;;Activado
947;17:00;;01:00;;Sin descanso;;;;Activado
948;07:00;;17:00;;Horario Fijo;;10:20;13:00;Activado
949;16:00;;00:00;;Horario Libre;40;;;Activado
950;07:00;;10:20;;Sin descanso;;;;Activado
951;14:00;;19:00;;Sin descanso;;;;Activado
952;06:00;;16:00;;Horario Libre;150;;;Activado
953;06:30;;18:00;;Horario Libre;210;;;Activado
954;11:30;;19:00;;Sin descanso;;;;Activado
955;07:00;;12:48;;Sin descanso;;;;Activado
956;07:45;;17:03;;Horario Libre;120;;;Activado
957;08:00;;17:45;;Horario Libre;105;;;Activado
958;06:00;;10:30;;Sin descanso;;;;Activado
959;07:00;;15:50;;Horario Libre;60;;;Activado
960;07:00;;16:45;;Horario Libre;42;;;Activado
961;08:00;;17:30;;Horario Libre;42;;;Activado
962;07:00;;15:40;;Horario Libre;42;;;Activado
963;07:00;;16:30;;Horario Libre;42;;;Activado
964;07:00;;15:18;;Horario Libre;60;;;Activado
965;06:30;;14:48;;Horario Libre;60;;;Activado
966;06:00;;13:18;;Sin descanso;;;;Activado
967;06:00;;17:00;;Horario Libre;30;;;Activado
968;06:00;;15:30;;Horario Libre;60;;;Activado
969;12:00;;19:30;;Sin descanso;;;;Activado
970;13:00;;20:30;;Sin descanso;;;;Activado
971;13:00;;20:30;;Horario Libre;60;;;Activado
972;07:00;;17:00;;Horario Libre;120;;;Activado
973;07:00;;16:50;;Horario Libre;120;;;Activado
974;07:00;;14:54;;Horario Fijo;;11:30;13:00;Activado
975;07:30;;17:00;;Horario Libre;150;;;Activado
976;07:45;;12:15;;Sin descanso;;;;Activado
977;07:00;;10:40;;Sin descanso;;;;Activado
978;06:30;;16:00;;Horario Libre;42;;;Activado
979;06:00;;15:24;;Horario Libre;60;;;Activado
980;07:00;;14:00;;Horario Libre;60;;;Activado
981;07:00;;15:40;;Horario Libre;60;;;Activado
982;08:00;;16:30;;Horario Libre;195;;;Activado
983;06:30;;15:00;;Horario Libre;60;;;Activado
984;13:30;;21:10;;Sin descanso;;;;Activado
985;06:00;;17:00;;Horario Libre;120;;;Activado
986;13:12;;20:30;;Sin descanso;;;;Activado
987;10:00;;17:00;;Horario Libre;30;;;Activado
988;08:00;;16:36;;Horario Libre;60;;;Activado
989;06:00;;14:00;;Horario Libre;20;;;Activado
990;14:00;;22:00;;Horario Libre;20;;;Activado
991;22:00;;06:00;;Horario Libre;20;;;Activado
992;20:00;;06:00;;Sin descanso;;;;Activado
993;07:00;;11:50;;Sin descanso;;;;Activado
994;12:30;;16:00;;Sin descanso;;;;Activado
995;08:00;;17:40;;Horario Libre;120;;;Activado
996;13:00;;21:00;;Horario Libre;30;;;Activado
997;08:00;;20:00;;Sin descanso;;;;Activado
998;18:00;;22:00;;Sin descanso;;;;Activado
999;21:40;;05:00;;Sin descanso;;;;Activado
1000;12:00;;19:30;;Horario Libre;30;;;Activado
1001;10:00;;12:30;;Sin descanso;;;;Activado
1002;10:00;;12:20;;Sin descanso;;;;Activado
1003;14:30;;21:30;;Sin descanso;;;;Activado
1004;09:30;;16:30;;Horario Libre;60;;;Activado
1005;08:30;;15:30;;Horario Libre;60;;;Activado
1006;07:45;;10:30;;Sin descanso;;;;Activado
1007;11:00;;17:15;;Sin descanso;;;;Activado
1008;08:30;;16:00;;Horario Libre;60;;;Activado
1009;10:00;;17:20;;Sin descanso;;;;Activado
1010;06:30;;15:00;;Horario Libre;30;;;Activado
1011;06:30;;11:00;;Horario Libre;30;;;Activado
1012;12:30;;08:00;;Sin descanso;;;;Activado
1013;07:00;;11:40;;Sin descanso;;;;Activado
1014;09:00;;13:40;;Sin descanso;;;;Activado
1015;12:00;;19:50;;Horario Libre;30;;;Activado
1016;09:30;;17:00;;Horario Libre;60;;;Activado
1017;22:00;;05:30;;Sin descanso;;;;Activado
1018;19:00;;22:00;;Sin descanso;;;;Activado
1019;06:00;;16:00;;Horario Libre;120;;;Activado
1020;06:30;;15:40;;Horario Libre;60;;;Activado
1021;10:00;;13:00;;Sin descanso;;;;Activado
1022;07:30;;15:06;;Horario Libre;30;;;Activado
1023;08:00;;17:06;;Horario Libre;60;;;Activado
1024;07:45;;15:45;;Sin descanso;;;;Activado
1025;08:30;;16:00;;Sin descanso;;;;Activado
1026;09:30;;15:00;;Sin descanso;;;;Activado
1027;18:00;;02:20;;Horario Libre;60;;;Activado
1028;13:10;;20:00;;Horario Libre;30;;;Activado
1029;08:40;;17:00;;Horario Libre;30;;;Activado
1030;11:20;;19:00;;Horario Libre;30;;;Activado
1031;14:10;;21:00;;Sin descanso;;;;Activado
1032;17:00;;22:00;;Sin descanso;;;;Activado
1033;11:00;;15:00;;Sin descanso;;;;Activado
1034;08:30;;16:10;;Sin descanso;;;;Activado
1035;12:30;;14:30;;Sin descanso;;;;Activado
1036;10:00;;19:00;;Horario Libre;30;;;Activado
1037;08:50;;17:00;;Horario Libre;60;;;Activado
1038;06:40;;16:00;;Horario Fijo;;12:00;13:30;Activado
1039;07:00;;16:20;;Horario Fijo;;12:00;13:30;Activado
1040;06:40;;11:30;;Sin descanso;;;;Activado
1041;11:00;;12:42;;Sin descanso;;;;Activado
1042;11:00;;14:00;;Sin descanso;;;;Activado
1043;06:40;;16:00;;Horario Libre;90;;;Activado
1044;07:00;;16:20;;Horario Libre;90;;;Activado
1045;13:30;;21:30;;Horario Libre;30;;;Activado
1046;21:30;;05:30;;Horario Libre;30;;;Activado
1047;08:40;;17:00;;Horario Libre;60;;;Activado
1048;13:50;;18:00;;Sin descanso;;;;Activado
1049;08:12;;16:30;;Horario Libre;60;;;Activado
1050;10:40;;18:20;;Sin descanso;;;;Activado
1051;07:00;;18:00;;Horario Libre;60;;;Activado
1052;12:30;;20:30;;Horario Libre;30;;;Activado
1053;11:00;;14:42;;Sin descanso;;;;Activado
1054;07:30;;17:30;;Horario Fijo;;09:30;14:00;Activado
1055;12:40;;20:30;;Horario Libre;30;;;Activado
1056;07:30;;17:00;;Horario Fijo;;12:14;15:00;Activado
1057;12:30;;18:00;;Sin descanso;;;;Activado
1058;07:30;;18:00;;Horario Fijo;;10:06;14:00;Activado
1059;07:45;;16:03;;Horario Fijo;;12:45;13:45;Activado
1060;08:30;;13:18;;Sin descanso;;;;Activado
1061;07:40;;17:48;;Horario Fijo;;09:40;15:00;Activado
1062;07:15;;17:45;;Horario Fijo;;11:15;13:45;Activado
1063;07:15;;12:03;;Sin descanso;;;;Activado
1064;13:22;;18:22;;Sin descanso;;;;Activado
1065;09:40;;17:30;;Horario Libre;30;;;Activado
1066;07:30;;17:18;;Horario Libre;165;;;Activado
1067;07:45;;17:45;;Horario Libre;135;;;Activado
1068;07:30;;16:00;;Horario Libre;72;;;Activado
1069;07:30;;15:54;;Horario Libre;120;;;Activado
1070;07:30;;13:54;;Sin descanso;;;;Activado
1071;07:30;;18:00;;Horario Libre;192;;;Activado
1072;07:30;;17:45;;Horario Libre;117;;;Activado
1073;06:00;;13:30;;Horario Libre;55;;;Activado
1074;14:30;;22:00;;Horario Libre;55;;;Activado
1075;15:30;;22:00;;Horario Libre;25;;;Activado
1076;11:30;;14:30;;Sin descanso;;;;Activado
1077;12:30;;08:30;;Horario Libre;30;;;Activado
1078;21:30;;04:30;;Horario Libre;30;;;Activado
1079;10:30;;18:30;;Horario Libre;30;;;Activado
1080;13:00;;20:00;;Horario Libre;30;;;Activado
1081;10:00;;15:50;;Horario Libre;120;;;Activado
1082;13:45;;18:10;;Sin descanso;;;;Activado
1083;;;;08:00;Horario Libre;30;;;Activado
1084;14:30;;22:00;;Horario Libre;25;;;Activado
1085;13:00;;20:30;;Horario Libre;10;;;Activado
1086;13:30;;21:00;;Horario Libre;10;;;Activado
1087;07:00;;14:30;;Horario Libre;10;;;Activado
1088;09:30;;17:00;;Horario Libre;10;;;Activado
1089;10:00;;17:30;;Horario Libre;10;;;Activado
1090;09:00;;16:30;;Horario Libre;10;;;Activado
1091;07:45;;17:30;;Horario Fijo;;11:45;16:00;Activado
1092;07:45;;17:30;;Horario Libre;60;;;Activado
1093;07:30;;17:18;;Horario Fijo;;12:30;13:30;Activado
1094;06:00;;14:40;;Sin descanso;;;;Activado
1095;07:15;;10:00;;Sin descanso;;;;Activado
1096;13:50;;17:00;;Sin descanso;;;;Activado
1097;17:00;;21:15;;Horario Libre;15;;;Activado
1098;09:00;;17:18;;Horario Libre;60;;;Activado
1099;06:00;;16:30;;Horario Libre;90;;;Activado
1100;11:00;;20:00;;Horario Libre;60;;;Activado
1101;13:00;;20:00;;Horario Libre;60;;;Activado
1102;12:00;;22:00;;Horario Libre;30;;;Activado
1103;07:30;;18:00;;Horario Libre;165;;;Activado
1104;13:36;;18:00;;Sin descanso;;;;Activado
1105;07:45;;17:30;;Horario Libre;135;;;Activado
1106;07:30;;17:18;;Horario Libre;60;;;Activado
1107;07:45;;13:00;;Sin descanso;;;;Activado
1108;07:45;;15:00;;Sin descanso;;;;Activado
1109;15:30;;17:30;;Sin descanso;;;;Activado
1110;13:45;;16:25;;Sin descanso;;;;Activado
1111;13:45;;16:45;;Sin descanso;;;;Activado
1112;16:00;;17:30;;Sin descanso;;;;Activado
1113;13:30;;14:30;;Sin descanso;;;;Activado
1114;06:00;;16:30;;Horario Libre;105;;;Activado
1115;07:30;;16:00;;Horario Libre;120;;;Activado
1116;14:00;;17:25;;Sin descanso;;;;Activado
1117;07:30;;10:20;;Sin descanso;;;;Activado
1118;14:15;;18:00;;Sin descanso;;;;Activado
1119;13:45;;16:55;;Sin descanso;;;;Activado
1120;07:45;;10:55;;Sin descanso;;;;Activado
1121;13:00;;17:15;;Horario Libre;15;;;Activado
1122;07:30;;15:30;;Sin descanso;;;;Activado
1123;06:45;;13:45;;Sin descanso;;;;Activado
1124;07:00;;15:45;;Horario Libre;60;;;Activado
1125;07:00;;11:15;;Horario Libre;15;;;Activado
1126;07:00;;09:30;;Sin descanso;;;;Activado
1127;09:40;;11:40;;Sin descanso;;;;Activado
1128;10:10;;12:10;;Sin descanso;;;;Activado
1129;11:10;;12:10;;Sin descanso;;;;Activado
1130;06:40;;15:00;;Horario Libre;60;;;Activado
1131;15:45;;21:45;;Sin descanso;;;;Activado
1132;13:45;;21:45;;Sin descanso;;;;Activado
1133;09:30;;14:00;;Sin descanso;;;;Activado
1134;09:30;;14:00;;Horario Libre;30;;;Activado
1135;09:30;;16:30;;Horario Libre;30;;;Activado
1136;06:30;;17:30;;Sin descanso;;;;Activado
1137;06:00;;15:00;;Sin descanso;;;;Activado
1138;12:40;;20:00;;Sin descanso;;;;Activado
1139;12:00;;20:20;;Horario Libre;60;;;Activado
1140;12:20;;21:00;;Horario Libre;60;;;Activado
1141;14:20;;18:00;;Sin descanso;;;;Activado
1142;12:50;;20:40;;Horario Libre;30;;;Activado
1143;06:00;;16:00;;Horario Libre;90;;;Activado
1144;11:40;;22:00;;Horario Libre;60;;;Activado
1145;11:40;;20:00;;Horario Libre;60;;;Activado
1146;11:00;;16:00;;Sin descanso;;;;Activado
1147;08:00;;17:00;;Sin descanso;;;;Activado
1148;06:30;;15:30;;Sin descanso;;;;Activado
1149;09:00;;18:00;;Sin descanso;;;;Activado
1150;13:40;;22:00;;Horario Libre;60;;;Activado
1151;22:00;;06:20;;Horario Libre;60;;;Activado
1152;06:00;;12:30;;Horario Libre;15;;;Activado
1153;16:40;;20:00;;Sin descanso;;;;Activado
1154;14:00;;21:00;;Horario Libre;15;;;Activado
1155;14:00;;21:30;;Horario Libre;15;;;Activado
1156;14:00;;20:30;;Horario Libre;15;;;Activado
1157;12:00;;20:00;;Horario Libre;15;;;Activado
1158;12:00;;19:00;;Horario Libre;15;;;Activado
1159;07:00;;12:00;;Horario Libre;15;;;Activado
1160;11:00;;18:30;;Sin descanso;;;;Activado
1161;09:00;;16:00;;Horario Libre;60;;;Activado
1162;06:30;;14:30;;Sin descanso;;;;Activado
1163;14:30;;19:00;;Sin descanso;;;;Activado
1164;13:00;;21:00;;Horario Libre;15;;;Activado
1165;14:50;;23:00;;Horario Libre;30;;;Activado
1166;07:30;;16:48;;Horario Libre;30;;;Activado
1167;08:30;;16:50;;Horario Libre;60;;;Activado
1168;07:00;;14:10;;Sin descanso;;;;Activado
1169;07:45;;11:05;;Sin descanso;;;;Activado
1170;06:00;;15:00;;Horario Libre;75;;;Activado
1171;06:00;;11:15;;Sin descanso;;;;Activado
1172;07:00;;16:00;;Horario Libre;75;;;Activado
1173;09:15;;18:00;;Horario Libre;75;;;Activado
1174;06:00;;10:48;;Sin descanso;;;;Activado
1175;11:00;;19:18;;Sin descanso;;;;Activado
1176;08:30;;16:00;;Horario Libre;30;;;Activado
1177;08:30;;18:00;;Horario Libre;30;;;Activado
1178;08:00;;14:30;;Sin descanso;;;;Activado
1179;12:00;;15:00;;Horario Libre;60;;;Activado
1180;12:00;;19:00;;Horario Libre;60;;;Activado
1181;12:00;;17:00;;Horario Libre;60;;;Activado
1182;12:00;;18:00;;Horario Libre;60;;;Activado
1183;05:30;;09:30;;Sin descanso;;;;Activado
1184;07:15;;10:15;;Sin descanso;;;;Activado
1185;22:40;;06:30;;Horario Libre;30;;;Activado
1186;13:45;;17:15;;Sin descanso;;;;Activado
1187;15:30;;23:20;;Horario Libre;30;;;Activado
1188;08:00;;11:20;;Sin descanso;;;;Activado
1189;10:00;;18:00;;Horario Libre;40;;;Activado
1190;11:30;;19:30;;Sin descanso;;;;Activado
1191;05:00;;13:00;;Horario Libre;30;;;Activado
1192;14:30;;18:50;;Sin descanso;;;;Activado
1193;10:00;;19:00;;Sin descanso;;;;Activado
1194;15:00;;23:00;;Horario Libre;30;;;Activado
1195;23:00;;07:00;;Horario Libre;30;;;Activado
1196;07:00;;15:00;;Horario Libre;15;;;Activado
1197;07:00;;14:00;;Horario Libre;15;;;Activado
1198;07:30;;14:00;;Horario Libre;30;;;Activado
1199;08:30;;13:00;;Horario Libre;15;;;Activado
1200;08:30;;15:00;;Horario Libre;30;;;Activado
1201;09:00;;18:30;;Horario Libre;30;;;Activado
1202;09:00;;17:30;;Horario Libre;30;;;Activado
1203;09:00;;15:00;;Horario Libre;70;;;Activado
1204;09:15;;18:00;;Horario Libre;60;;;Activado
1205;05:00;;09:00;;Sin descanso;;;;Activado
1206;06:00;;12:00;;Horario Libre;60;;;Activado
1207;07:00;;12:00;;Horario Libre;30;;;Activado
1208;15:30;;18:30;;Sin descanso;;;;Activado
1209;06:30;;16:00;;Horario Libre;30;;;Activado
1210;06:00;;13:30;;Horario Libre;10;;;Activado
1211;06:20;;15:00;;Horario Libre;60;;;Activado
1212;07:30;;15:00;;Horario Libre;30;;;Activado
1213;07:40;;12:04;;Sin descanso;;;;Activado
1214;07:30;;15:10;;Horario Libre;60;;;Activado
1215;07:30;;15:40;;Sin descanso;;;;Activado
1216;22:00;;05:50;;Horario Libre;30;;;Activado
1217;15:00;;22:50;;Horario Libre;30;;;Activado
1218;07:00;;14:30;;Horario Libre;30;;;Activado
1219;07:00;;11:30;;Horario Libre;30;;;Activado
1220;07:00;;11:00;;Horario Libre;30;;;Activado
1221;07:00;;10:00;;Horario Libre;30;;;Activado
1222;08:30;;13:40;;Sin descanso;;;;Activado
1223;06:00;;16:00;;Horario Libre;30;;;Activado
1224;06:30;;14:30;;Horario Libre;30;;;Activado
1225;21:00;;07:00;;Horario Libre;60;;;Activado
1226;05:00;;14:30;;Horario Libre;6;;;Activado
1227;10:40;;19:00;;Horario Libre;30;;;Activado
1228;18:00;;01:50;;Horario Libre;30;;;Activado
1229;20:00;;03:50;;Horario Libre;30;;;Activado
1230;08:10;;16:30;;Horario Libre;60;;;Activado
1231;14:20;;22:00;;Sin descanso;;;;Activado
1232;11:00;;20:00;;Sin descanso;;;;Activado
1233;06:00;;14:30;;Sin descanso;;;;Activado
1234;13:50;;17:45;;Sin descanso;;;;Activado
1235;14:00;;16:20;;Sin descanso;;;;Activado
1236;06:00;;13:24;;Sin descanso;;;;Activado
1237;10:36;;13:00;;Sin descanso;;;;Activado
1238;09:20;;13:00;;Sin descanso;;;;Activado
1239;06:00;;08:48;;Sin descanso;;;;Activado
1240;13:20;;18:00;;Sin descanso;;;;Activado
